[
  {
    "slug": "percentage-discount-calculator",
    "title": "Percentage Discount Calculator",
    "locale": "en",
    "inputs": [
      {
        "name": "price",
        "type": "number",
        "min": 0,
        "step": 0.01,
        "hint": "Original price"
      },
      {
        "name": "discount",
        "type": "number",
        "min": 0,
        "max": 100,
        "step": 0.1,
        "hint": "Discount (%)"
      }
    ],
    "expression": "price * (1 - discount/100)",
    "formula_js": "",
    "units": {
      "input": "",
      "output": ""
    },
    "intro": "Calculate the final price after a percentage discount.",
    "examples": [],
    "faqs": [],
    "disclaimer": "Educational information, not professional advice.",
    "schema_org": "FAQPage|SoftwareApplication",
    "cluster": "Percentages & Ratios"
  },
  {
    "slug": "loan-payment-calculator",
    "title": "Loan Payment Calculator",
    "locale": "en",
    "inputs": [
      {
        "name": "principal",
        "type": "number",
        "min": 0,
        "step": 0.01,
        "hint": "Loan amount"
      },
      {
        "name": "annualRate",
        "type": "number",
        "min": 0,
        "step": 0.01,
        "hint": "Annual interest rate (%)"
      },
      {
        "name": "years",
        "type": "number",
        "min": 0,
        "step": 1,
        "hint": "Term (years)"
      }
    ],
    "expression": "principal * ((annualRate/1200) * (1 + (annualRate/1200))^(years*12)) / ((1 + (annualRate/1200))^(years*12) - 1)",
    "formula_js": "",
    "units": {
      "input": "",
      "output": ""
    },
    "intro": "Compute monthly payment for a fixed-rate loan.",
    "examples": [],
    "faqs": [],
    "disclaimer": "Educational information, not professional advice.",
    "schema_org": "FAQPage|SoftwareApplication",
    "cluster": "Finance & Loans"
  },
  {
    "slug": "compound-interest-calculator",
    "title": "Compound Interest Calculator",
    "locale": "en",
    "inputs": [
      {
        "name": "principal",
        "type": "number",
        "min": 0,
        "step": 0.01,
        "hint": "Initial amount"
      },
      {
        "name": "annualRate",
        "type": "number",
        "min": 0,
        "step": 0.01,
        "hint": "Annual interest rate (%)"
      },
      {
        "name": "years",
        "type": "number",
        "min": 0,
        "step": 1,
        "hint": "Years"
      },
      {
        "name": "times",
        "type": "number",
        "min": 1,
        "step": 1,
        "hint": "Compounds per year"
      }
    ],
    "expression": "principal * (1 + (annualRate/100)/times)^(times*years)",
    "formula_js": "",
    "units": {
      "input": "",
      "output": ""
    },
    "intro": "Estimate future balance with compounding.",
    "examples": [],
    "faqs": [],
    "disclaimer": "Educational information, not professional advice.",
    "schema_org": "FAQPage|SoftwareApplication",
    "cluster": "Finance & Loans"
  },
  {
    "slug": "bmi-calculator",
    "title": "BMI Calculator",
    "locale": "en",
    "inputs": [
      {
        "name": "weight",
        "type": "number",
        "min": 0,
        "step": 0.1,
        "hint": "Weight (kg)"
      },
      {
        "name": "height",
        "type": "number",
        "min": 0,
        "step": 0.001,
        "hint": "Height (m)"
      }
    ],
    "expression": "weight / (height^2)",
    "formula_js": "",
    "units": {
      "input": "",
      "output": ""
    },
    "intro": "Compute Body Mass Index (BMI).",
    "examples": [],
    "faqs": [],
    "disclaimer": "Educational information, not professional advice.",
    "schema_org": "FAQPage|SoftwareApplication",
    "cluster": "Health & Fitness"
  },
  {
    "slug": "percentage-increase-calculator",
    "title": "Percentage Increase Calculator",
    "locale": "en",
    "inputs": [
      {
        "name": "original",
        "type": "number",
        "min": 0,
        "step": 0.01,
        "hint": "Original value"
      },
      {
        "name": "increase",
        "type": "number",
        "min": 0,
        "step": 0.01,
        "hint": "Increase amount"
      }
    ],
    "expression": "(original + increase) / original * 100",
    "formula_js": "",
    "units": {
      "input": "",
      "output": ""
    },
    "intro": "Compute percentage increase from an absolute change.",
    "examples": [],
    "faqs": [],
    "disclaimer": "Educational information, not professional advice.",
    "schema_org": "FAQPage|SoftwareApplication",
    "cluster": "Percentages & Ratios"
  },
  {
    "slug": "sales-tax-calculator",
    "title": "Sales Tax Calculator",
    "locale": "en",
    "inputs": [
      {
        "name": "price",
        "type": "number",
        "min": 0,
        "step": 0.01,
        "hint": "Price before tax"
      },
      {
        "name": "tax",
        "type": "number",
        "min": 0,
        "step": 0.01,
        "hint": "Tax rate (%)"
      }
    ],
    "expression": "price * (1 + tax/100)",
    "formula_js": "",
    "units": {
      "input": "",
      "output": ""
    },
    "intro": "Calculate the price including sales tax.",
    "examples": [],
    "faqs": [],
    "disclaimer": "Educational information, not professional advice.",
    "schema_org": "FAQPage|SoftwareApplication",
    "cluster": "Percentages & Ratios"
  },
  {
    "slug": "roi-calculator",
    "title": "ROI Calculator",
    "locale": "en",
    "inputs": [
      {
        "name": "gain",
        "type": "number",
        "min": 0,
        "step": 0.01,
        "hint": "Return"
      },
      {
        "name": "cost",
        "type": "number",
        "min": 0,
        "step": 0.01,
        "hint": "Cost"
      }
    ],
    "expression": "(gain - cost) / cost * 100",
    "formula_js": "",
    "units": {
      "input": "",
      "output": ""
    },
    "intro": "Return on Investment percentage.",
    "examples": [],
    "faqs": [],
    "disclaimer": "Educational information, not professional advice.",
    "schema_org": "FAQPage|SoftwareApplication",
    "cluster": "Finance & Loans"
  },
  {
    "slug": "triangle-area-calculator",
    "title": "Triangle Area Calculator",
    "locale": "en",
    "inputs": [
      {
        "name": "base",
        "type": "number",
        "min": 0,
        "step": 0.01,
        "hint": "Base"
      },
      {
        "name": "height",
        "type": "number",
        "min": 0,
        "step": 0.01,
        "hint": "Height"
      }
    ],
    "expression": "base * height / 2",
    "formula_js": "",
    "units": {
      "input": "",
      "output": ""
    },
    "intro": "Compute the area of a triangle.",
    "examples": [],
    "faqs": [],
    "disclaimer": "Educational information, not professional advice.",
    "schema_org": "FAQPage|SoftwareApplication",
    "cluster": "Geometry & Math"
  },
  {
    "slug": "simple-interest-calculator",
    "title": "Simple Interest Calculator",
    "locale": "en",
    "inputs": [
      {
        "name": "principal",
        "type": "number",
        "min": 0,
        "step": 0.01,
        "hint": "Principal"
      },
      {
        "name": "rate",
        "type": "number",
        "min": 0,
        "step": 0.01,
        "hint": "Annual rate (%)"
      },
      {
        "name": "years",
        "type": "number",
        "min": 0,
        "step": 0.1,
        "hint": "Years"
      }
    ],
    "expression": "principal * (1 + rate/100 * years)",
    "formula_js": "",
    "units": {
      "input": "",
      "output": ""
    },
    "intro": "Compute final amount with simple interest.",
    "examples": [],
    "faqs": [],
    "disclaimer": "Educational information, not professional advice.",
    "schema_org": "FAQPage|SoftwareApplication",
    "cluster": "Finance & Loans"
  },
  {
    "slug": "final-price-calculator",
    "title": "Final Price Calculator",
    "locale": "en",
    "inputs": [
      {
        "name": "price",
        "type": "number",
        "min": 0,
        "step": 0.01,
        "hint": "Base price"
      },
      {
        "name": "percent",
        "type": "number",
        "min": -100,
        "max": 500,
        "step": 0.1,
        "hint": "Change (%)"
      }
    ],
    "expression": "price * (1 + percent/100)",
    "formula_js": "",
    "units": {
      "input": "",
      "output": ""
    },
    "intro": "Apply a generic percent change.",
    "examples": [],
    "faqs": [],
    "disclaimer": "Educational information, not professional advice.",
    "schema_org": "FAQPage|SoftwareApplication",
    "cluster": "Percentages & Ratios"
  },
  {
    "slug": "markup-margin-calculator",
    "title": "Markup & Margin Calculator",
    "locale": "en",
    "inputs": [
      {
        "name": "cost",
        "type": "number",
        "min": 0,
        "step": 0.01,
        "hint": "Cost"
      },
      {
        "name": "margin",
        "type": "number",
        "min": 0,
        "max": 100,
        "step": 0.1,
        "hint": "Margin (%)"
      }
    ],
    "expression": "cost / (1 - margin/100)",
    "formula_js": "",
    "units": {
      "input": "",
      "output": ""
    },
    "intro": "Compute selling price from cost and desired margin.",
    "examples": [],
    "faqs": [],
    "disclaimer": "Educational information, not professional advice.",
    "schema_org": "FAQPage|SoftwareApplication",
    "cluster": "Percentages & Ratios"
  },
  {
    "slug": "km-to-miles-calculator",
    "title": "Kilometers to Miles Converter",
    "locale": "en",
    "inputs": [
      {
        "name": "km",
        "type": "number",
        "min": 0,
        "step": 0.001,
        "hint": "Kilometers"
      }
    ],
    "expression": "km * 0.621371",
    "formula_js": "",
    "units": {
      "input": "",
      "output": ""
    },
    "intro": "Convert kilometers to miles.",
    "examples": [],
    "faqs": [],
    "disclaimer": "Educational information, not professional advice.",
    "schema_org": "FAQPage|SoftwareApplication",
    "cluster": "Conversions & Units"
  },
  {
    "slug": "miles-to-km-calculator",
    "title": "Miles to Kilometers Converter",
    "locale": "en",
    "inputs": [
      {
        "name": "mi",
        "type": "number",
        "min": 0,
        "step": 0.001,
        "hint": "Miles"
      }
    ],
    "expression": "mi * 1.60934",
    "formula_js": "",
    "units": {
      "input": "",
      "output": ""
    },
    "intro": "Convert miles to kilometers.",
    "examples": [],
    "faqs": [],
    "disclaimer": "Educational information, not professional advice.",
    "schema_org": "FAQPage|SoftwareApplication",
    "cluster": "Conversions & Units"
  },
  {
    "slug": "c-to-f-calculator",
    "title": "Celsius to Fahrenheit Converter",
    "locale": "en",
    "inputs": [
      {
        "name": "c",
        "type": "number",
        "step": 0.1,
        "hint": "Celsius"
      }
    ],
    "expression": "c * 9/5 + 32",
    "formula_js": "",
    "units": {
      "input": "",
      "output": ""
    },
    "intro": "Convert Celsius to Fahrenheit.",
    "examples": [],
    "faqs": [],
    "disclaimer": "Educational information, not professional advice.",
    "schema_org": "FAQPage|SoftwareApplication",
    "cluster": "Conversions & Units"
  },
  {
    "slug": "f-to-c-calculator",
    "title": "Fahrenheit to Celsius Converter",
    "locale": "en",
    "inputs": [
      {
        "name": "f",
        "type": "number",
        "step": 0.1,
        "hint": "Fahrenheit"
      }
    ],
    "expression": "(f - 32) * 5/9",
    "formula_js": "",
    "units": {
      "input": "",
      "output": ""
    },
    "intro": "Convert Fahrenheit to Celsius.",
    "examples": [],
    "faqs": [],
    "disclaimer": "Educational information, not professional advice.",
    "schema_org": "FAQPage|SoftwareApplication",
    "cluster": "Conversions & Units"
  },
  {
    "slug": "kg-to-lb-calculator",
    "title": "Kilograms to Pounds Converter",
    "locale": "en",
    "inputs": [
      {
        "name": "kg",
        "type": "number",
        "min": 0,
        "step": 0.001,
        "hint": "Kilograms"
      }
    ],
    "expression": "kg * 2.20462",
    "formula_js": "",
    "units": {
      "input": "",
      "output": ""
    },
    "intro": "Convert kilograms to pounds.",
    "examples": [],
    "faqs": [],
    "disclaimer": "Educational information, not professional advice.",
    "schema_org": "FAQPage|SoftwareApplication",
    "cluster": "Conversions & Units"
  },
  {
    "slug": "cm-to-inches-calculator",
    "title": "Centimeters to Inches Converter",
    "locale": "en",
    "inputs": [
      {
        "name": "cm",
        "type": "number",
        "min": 0,
        "step": 0.01,
        "hint": "Centimeters"
      }
    ],
    "expression": "cm * 0.393701",
    "formula_js": "",
    "units": {
      "input": "",
      "output": ""
    },
    "intro": "Convert centimeters to inches.",
    "examples": [],
    "faqs": [],
    "disclaimer": "Educational information, not professional advice.",
    "schema_org": "FAQPage|SoftwareApplication",
    "cluster": "Conversions & Units"
  },
  {
    "slug": "break-even-calculator",
    "title": "Break-Even Units Calculator",
    "locale": "en",
    "inputs": [
      {
        "name": "fixed",
        "type": "number",
        "min": 0,
        "step": 0.01,
        "hint": "Fixed costs"
      },
      {
        "name": "price",
        "type": "number",
        "min": 0,
        "step": 0.01,
        "hint": "Unit price"
      },
      {
        "name": "variable",
        "type": "number",
        "min": 0,
        "step": 0.01,
        "hint": "Variable cost / unit"
      }
    ],
    "expression": "fixed / (price - variable)",
    "formula_js": "",
    "units": {
      "input": "",
      "output": ""
    },
    "intro": "Estimate units to break even.",
    "examples": [],
    "faqs": [],
    "disclaimer": "Educational information, not professional advice.",
    "schema_org": "FAQPage|SoftwareApplication",
    "cluster": "Finance & Loans"
  },
  {
    "slug": "cagr-calculator",
    "title": "CAGR Calculator",
    "locale": "en",
    "inputs": [
      {
        "name": "initial",
        "type": "number",
        "min": 0,
        "step": 0.01,
        "hint": "Initial value"
      },
      {
        "name": "final",
        "type": "number",
        "min": 0,
        "step": 0.01,
        "hint": "Final value"
      },
      {
        "name": "years",
        "type": "number",
        "min": 0,
        "step": 0.1,
        "hint": "Years"
      }
    ],
    "expression": "((final / initial)^(1/years) - 1) * 100",
    "formula_js": "",
    "units": {
      "input": "",
      "output": ""
    },
    "intro": "Compound Annual Growth Rate.",
    "examples": [],
    "faqs": [],
    "disclaimer": "Educational information, not professional advice.",
    "schema_org": "FAQPage|SoftwareApplication",
    "cluster": "Finance & Loans"
  },
  {
    "slug": "kg-to-g-calculator",
    "title": "Kilograms to Grams Converter",
    "locale": "en",
    "inputs": [
      {
        "name": "kg",
        "type": "number",
        "min": 0,
        "step": 0.001,
        "hint": "Kilograms"
      }
    ],
    "expression": "kg * 1000",
    "formula_js": "",
    "units": {
      "input": "",
      "output": ""
    },
    "intro": "Convert kg to g.",
    "examples": [],
    "faqs": [],
    "disclaimer": "Educational information, not professional advice.",
    "schema_org": "FAQPage|SoftwareApplication",
    "cluster": "Conversions & Units"
  },
  {
    "slug": "hours-to-minutes-calculator",
    "title": "Hours to Minutes Converter",
    "locale": "en",
    "inputs": [
      {
        "name": "hours",
        "type": "number",
        "min": 0,
        "step": 0.1,
        "hint": "Hours"
      }
    ],
    "expression": "hours * 60",
    "formula_js": "",
    "units": {
      "input": "",
      "output": ""
    },
    "intro": "Convert hours to minutes.",
    "examples": [],
    "faqs": [],
    "disclaimer": "Educational information, not professional advice.",
    "schema_org": "FAQPage|SoftwareApplication",
    "cluster": "Misc"
  },
  {
    "slug": "time-to-seconds-calculator",
    "title": "Time to Seconds Calculator",
    "locale": "en",
    "inputs": [
      {
        "name": "hours",
        "type": "number",
        "min": 0,
        "step": 1,
        "hint": "Hours"
      },
      {
        "name": "minutes",
        "type": "number",
        "min": 0,
        "step": 1,
        "hint": "Minutes"
      },
      {
        "name": "seconds",
        "type": "number",
        "min": 0,
        "step": 1,
        "hint": "Seconds"
      }
    ],
    "expression": "hours*3600 + minutes*60 + seconds",
    "formula_js": "",
    "units": {
      "input": "",
      "output": ""
    },
    "intro": "Convert H:M:S to seconds.",
    "examples": [],
    "faqs": [],
    "disclaimer": "Educational information, not professional advice.",
    "schema_org": "FAQPage|SoftwareApplication",
    "cluster": "Misc"
  },
  {
    "slug": "rectangle-area-calculator",
    "title": "Rectangle Area Calculator",
    "locale": "en",
    "inputs": [
      {
        "name": "length",
        "type": "number",
        "min": 0,
        "step": 0.01,
        "hint": "Length"
      },
      {
        "name": "width",
        "type": "number",
        "min": 0,
        "step": 0.01,
        "hint": "Width"
      }
    ],
    "expression": "length * width",
    "formula_js": "",
    "units": {
      "input": "",
      "output": ""
    },
    "intro": "Area of a rectangle.",
    "examples": [],
    "faqs": [],
    "disclaimer": "Educational information, not professional advice.",
    "schema_org": "FAQPage|SoftwareApplication",
    "cluster": "Geometry & Math"
  },
  {
    "slug": "circle-area-calculator",
    "title": "Circle Area Calculator",
    "locale": "en",
    "inputs": [
      {
        "name": "radius",
        "type": "number",
        "min": 0,
        "step": 0.001,
        "hint": "Radius"
      }
    ],
    "expression": "3.141592653589793 * radius^2",
    "formula_js": "",
    "units": {
      "input": "",
      "output": ""
    },
    "intro": "Area of a circle.",
    "examples": [],
    "faqs": [],
    "disclaimer": "Educational information, not professional advice.",
    "schema_org": "FAQPage|SoftwareApplication",
    "cluster": "Geometry & Math"
  },
  {
    "slug": "cylinder-volume-calculator",
    "title": "Cylinder Volume Calculator",
    "locale": "en",
    "inputs": [
      {
        "name": "radius",
        "type": "number",
        "min": 0,
        "step": 0.001,
        "hint": "Radius"
      },
      {
        "name": "height",
        "type": "number",
        "min": 0,
        "step": 0.01,
        "hint": "Height"
      }
    ],
    "expression": "3.141592653589793 * radius^2 * height",
    "formula_js": "",
    "units": {
      "input": "",
      "output": ""
    },
    "intro": "Volume of a cylinder.",
    "examples": [],
    "faqs": [],
    "disclaimer": "Educational information, not professional advice.",
    "schema_org": "FAQPage|SoftwareApplication",
    "cluster": "Geometry & Math"
  },
  {
    "slug": "roi-dollar-calculator",
    "title": "ROI Dollar Amount Calculator",
    "locale": "en",
    "inputs": [
      {
        "name": "investment",
        "type": "number",
        "min": 0,
        "step": 0.01,
        "hint": "Initial investment"
      },
      {
        "name": "roiPercent",
        "type": "number",
        "min": 0,
        "step": 0.1,
        "hint": "ROI (%)"
      }
    ],
    "expression": "investment * roiPercent / 100",
    "formula_js": "",
    "units": {
      "input": "",
      "output": ""
    },
    "intro": "ROI in dollars.",
    "examples": [],
    "faqs": [],
    "disclaimer": "Educational information, not professional advice.",
    "schema_org": "FAQPage|SoftwareApplication",
    "cluster": "Finance & Loans"
  },
  {
    "slug": "net-profit-calculator",
    "title": "Net Profit Calculator",
    "locale": "en",
    "inputs": [
      {
        "name": "revenue",
        "type": "number",
        "min": 0,
        "step": 0.01,
        "hint": "Revenue"
      },
      {
        "name": "costs",
        "type": "number",
        "min": 0,
        "step": 0.01,
        "hint": "Costs"
      }
    ],
    "expression": "revenue - costs",
    "formula_js": "",
    "units": {
      "input": "",
      "output": ""
    },
    "intro": "Net profit.",
    "examples": [],
    "faqs": [],
    "disclaimer": "Educational information, not professional advice.",
    "schema_org": "FAQPage|SoftwareApplication",
    "cluster": "Finance & Loans"
  },
  {
    "slug": "weight-to-bmi-projection-calculator",
    "title": "Weight to BMI Projection",
    "locale": "en",
    "inputs": [
      {
        "name": "weight",
        "type": "number",
        "min": 0,
        "step": 0.1,
        "hint": "Weight (kg)"
      },
      {
        "name": "height",
        "type": "number",
        "min": 0,
        "step": 0.001,
        "hint": "Height (m)"
      }
    ],
    "expression": "weight / (height^2)",
    "formula_js": "",
    "units": {
      "input": "",
      "output": ""
    },
    "intro": "Quick BMI projection.",
    "examples": [],
    "faqs": [],
    "disclaimer": "Educational information, not professional advice.",
    "schema_org": "FAQPage|SoftwareApplication",
    "cluster": "Health & Fitness"
  }
]