[
  {
    "slug": "percentage-discount-calculator",
    "date": "2025-08-18"
  },
  {
    "slug": "loan-payment-calculator",
    "date": "2025-08-18"
  },
  {
    "slug": "compound-interest-calculator",
    "date": "2025-08-18"
  },
  {
    "slug": "bmi-calculator",
    "date": "2025-08-18"
  },
  {
    "slug": "percentage-increase-calculator",
    "date": "2025-08-18"
  },
  {
    "slug": "sales-tax-calculator",
    "date": "2025-08-18"
  },
  {
    "slug": "roi-calculator",
    "date": "2025-08-18"
  },
  {
    "slug": "triangle-area-calculator",
    "date": "2025-08-18"
  },
  {
    "slug": "simple-interest-calculator",
    "date": "2025-08-18"
  },
  {
    "slug": "final-price-calculator",
    "date": "2025-08-18"
  },
  {
    "slug": "markup-margin-calculator",
    "date": "2025-08-18"
  },
  {
    "slug": "km-to-miles-calculator",
    "date": "2025-08-18"
  },
  {
    "slug": "miles-to-km-calculator",
    "date": "2025-08-18"
  },
  {
    "slug": "c-to-f-calculator",
    "date": "2025-08-18"
  },
  {
    "slug": "f-to-c-calculator",
    "date": "2025-08-18"
  },
  {
    "slug": "kg-to-lb-calculator",
    "date": "2025-08-18"
  },
  {
    "slug": "cm-to-inches-calculator",
    "date": "2025-08-18"
  },
  {
    "slug": "break-even-calculator",
    "date": "2025-08-18"
  },
  {
    "slug": "cagr-calculator",
    "date": "2025-08-18"
  },
  {
    "slug": "kg-to-g-calculator",
    "date": "2025-08-18"
  },
  {
    "slug": "hours-to-minutes-calculator",
    "date": "2025-08-18"
  },
  {
    "slug": "time-to-seconds-calculator",
    "date": "2025-08-18"
  },
  {
    "slug": "rectangle-area-calculator",
    "date": "2025-08-18"
  },
  {
    "slug": "circle-area-calculator",
    "date": "2025-08-18"
  },
  {
    "slug": "cylinder-volume-calculator",
    "date": "2025-08-18"
  },
  {
    "slug": "roi-dollar-calculator",
    "date": "2025-08-18"
  },
  {
    "slug": "net-profit-calculator",
    "date": "2025-08-18"
  },
  {
    "slug": "weight-to-bmi-projection-calculator",
    "date": "2025-08-18"
  }
]